,MAPE,Score
0,0.07306046813642045,0.47966433118733887
